ID,Team,Player,Fox Name
12282,TEX,Rougned Odor,"Odor, R."
10681,CLE,Giovanny Urshela,"Urshela, G."
10968,CIN,Tim Adleman,"Adleman, T."
5517,NYY,Kyle Higashioka,"Higashioka, K."
12284,CHW,Kevan Smith,"Smith, K."
6895,MIL,Chase Anderson,"Anderson, C."
15653,NYM,Dominic Smith,"Smith, D."
11247,SD,Jabari Blash,"Blash, J."
16208,CIN,Brandon Finnegan,"Finnegan, B."
9571,BAL,Craig Gentry,"Gentry, C."
3353,OAK,Matt Joyce,"Joyce, M."
3132,PIT,Tony Watson,"Watson, T."
3035,SF,Michael Morse,"Morse, M."
11739,MIA,J.T. Realmuto,"Realmuto, J."
12760,NYM,Rafael Montero,"Montero, R."
14771,SEA,Emilio Pagan,"Pagan, E."
15998,LAD,Cody Bellinger,"Bellinger, C."
14078,STL,Michael Wacha,"Wacha, M."
19369,SF,Jae-Gyun Hwang,"Hwang, J."
9774,BOS,Christian Vazquez,"Vazquez, C."
1943,ARZ,Zack Greinke,"Greinke, Z."
10200,CIN,Tucker Barnhart,"Barnhart, T."
2951,LAD,Josh Ravin,"Ravin, J."
8600,MIA,Dustin McGowan,"McGowan, D."
7511,SF,Carlos Moncrief,"Moncrief, C."
15279,NYY,Garrett Cooper,"Cooper, G."
2520,STL,Lance Lynn,"Lynn, L."
10066,ATL,Ian Krol,"Krol, I."
4849,WSH,Joe Blanton,"Blanton, J."
11426,BOS,Drew Pomeranz,"Pomeranz, D."
17432,COL,Jeff Hoffman,"Hoffman, J."
1177,LAA,Albert Pujols,"Pujols, A."
16424,PIT,Jordan Luplow,"Luplow, J."
13892,NYM,Paul Sewald,"Sewald, P."
5254,MIN,Robbie Grossman,"Grossman, R."
7216,LAA,Cesar Puello,"Puello, C."
6400,MIL,Kirk Nieuwenhuis,"Nieuwenhuis, K."
8722,MIN,Jason Castro,"Castro, J."
10700,OAK,Ryan LaMarre,"LaMarre, R."
6589,ATL,Sean Rodriguez,"Rodriguez, S."
17479,STL,Jack Flaherty,"Flaherty, J."
9460,MIA,Dan Straily,"Straily, D."
14934,ATL,Aaron Blair,"Blair, A."
12147,ARZ,Nick Ahmed,"Ahmed, N."
8709,TEX,Elvis Andrus,"Andrus, E."
16904,MIL,Aaron Wilkerson,"Wilkerson, A."
5830,MIL,Jhan Marinez,"Marinez, J."
13866,OAK,Bruce Maxwell,"Maxwell, B."
3374,BAL,Ubaldo Jimenez,"Jimenez, U."
14344,OAK,Matt Olson,"Olson, M."
10882,TEX,Jared Hoying,"Hoying, J."
3892,HOU,Josh Reddick,"Reddick, J."
6832,ATL,Sam Freeman,"Freeman, S."
16505,OAK,Matt Chapman,"Chapman, M."
18289,MIA,Brian Anderson,"Anderson, B."
13066,TOR,Teoscar Hernandez,"Hernandez, T."
13355,TOR,Luke Maile,"Maile, L."
12950,NYM,Phillip Evans,"Evans, P."
14825,CHW,Dylan Covey,"Covey, D."
11205,WSH,Adam Eaton,"Eaton, A."
5702,MIL,Junior Guerra,"Guerra, J."
9433,OAK,Dustin Garneau,"Garneau, D."
14330,PHI,Nick Williams,"Williams, N."
12552,CIN,Eugenio Suarez,"Suarez, E."
3254,SF,Jeff Samardzija,"Samardzija, J."
10155,LAA,Mike Trout,"Trout, M."
3364,CHC,Miguel Montero,"Montero, M."
14375,CIN,Amir Garrett,"Garrett, A."
5985,ARZ,Randall Delgado,"Delgado, R."
10185,WSH,Jacob Turner,"Turner, J."
15644,SEA,Jacob Hannemann,"Hannemann, J."
10619,ATL,David Freitas,"Freitas, D."
13130,DET,Mikie Mahtook,"Mahtook, M."
11850,NYY,Tyler Austin,"Austin, T."
10547,MIL,Jimmy Nelson,"Nelson, J."
7949,BAL,Tim Beckham,"Beckham, T."
7274,SD,Craig Stammen,"Stammen, C."
10767,ATL,Lane Adams,"Adams, L."
4141,CHW,Derek Holland,"Holland, D."
2578,TB,Peter Bourjos,"Bourjos, P."
5669,PHI,Henderson Alvarez,"Alvarez, H."
4022,CHW,Melky Cabrera,"Cabrera, M."
13696,NYM,Robert Gsellman,"Gsellman, R."
11754,MIA,Justin Nicolino,"Nicolino, J."
10190,LAA,Tyler Skaggs,"Skaggs, T."
11615,ARZ,Brandon Drury,"Drury, B."
12859,DET,James McCann,"McCann, J."
13277,BAL,Joey Rickard,"Rickard, J."
13403,CHC,Felix Pena,"Pena, F."
11266,CIN,Lisalverto Bonilla,"Bonilla, L."
12664,PHI,Jerad Eickhoff,"Eickhoff, J."
10815,TEX,Jurickson Profar,"Profar, J."
8628,KC,Paulo Orlando,"Orlando, P."
14843,CIN,Michael Lorenzen,"Lorenzen, M."
17161,CIN,Chad Wallach,"Wallach, C."
12758,STL,Breyvic Valera,"Valera, B."
1744,DET,Miguel Cabrera,"Cabrera, M."
15094,CHC,Rob Zastryzny,"Zastryzny, R."
11467,WSH,A.J. Cole,"Cole, A."
8844,PIT,Antonio Bastardo,"Bastardo, A."
5530,MIN,Nik Turley,"Turley, N."
12547,DET,John Hicks,"Hicks, J."
7185,LAD,Logan Forsythe,"Forsythe, L."
3708,OAK,Rajai Davis,"Davis, R."
12180,PHI,Jorge Alfaro,"Alfaro, J."
10291,TOR,Ryan Tepera,"Tepera, R."
2151,CLE,Edwin Encarnacion,"Encarnacion, E."
4314,CIN,Joey Votto,"Votto, J."
11859,NYY,Mason Williams,"Williams, M."
17932,WSH,Andrew Stevenson,"Stevenson, A."
6885,COL,Ian Desmond,"Desmond, I."
6652,SD,Chase d'Arnaud,"d'Arnaud, C."
10285,NYM,Josh Smoker,"Smoker, J."
6283,CIN,Scott Feldman,"Feldman, S."
17642,MIA,J.T. Riddle,"Riddle, J."
11489,WSH,Michael Taylor,"Taylor, M."
16219,HOU,J.D. Davis,"Davis, J."
14765,LAD,Julio Urias,"Urias, J."
4776,LAA,Matt Shoemaker,"Shoemaker, M."
11379,TEX,Delino DeShields,"DeShields, D."
3340,MIL,Matt Garza,"Garza, M."
3096,LAD,Kenley Jansen,"Jansen, K."
11204,COL,Stephen Cardullo,"Cardullo, S."
13419,ARZ,Christian Walker,"Walker, C."
14682,SD,Luis Perdomo,"Perdomo, L."
12907,PIT,Gregory Polanco,"Polanco, G."
5486,CLE,Abraham Almonte,"Almonte, A."
10322,ATL,Danny Santana,"Santana, D."
4063,ATL,Anthony Recker,"Recker, A."
9981,TOR,Michael Saunders,"Saunders, M."
19363,BAL,Austin Hays,"Hays, A."
7407,MIA,Javy Guerra,"Guerra, J."
3123,ARZ,Gregor Blanco,"Blanco, G."
11270,PHI,Aaron Altherr,"Altherr, A."
5401,HOU,Brad Peacock,"Peacock, B."
5760,CHW,Avisail Garcia,"Garcia, A."
6632,CLE,Carlos Carrasco,"Carrasco, C."
16977,PIT,Trevor Williams,"Williams, T."
14444,LAD,Hyun-Jin Ryu,"Ryu, H."
4662,LAD,Brandon McCarthy,"McCarthy, B."
12490,SEA,Tyler Smith,"Smith, T."
6368,BAL,Adam Jones,"Jones, A."
4969,LAA,Luis Valbuena,"Valbuena, L."
13580,SF,Steven Okert,"Okert, S."
14109,CHC,Albert Almora Jr.,"Jr., A."
13005,SF,Kelby Tomlinson,"Tomlinson, K."
6448,DET,Jim Adduci,"Adduci, J."
2616,CIN,Zack Cozart,"Cozart, Z."
7002,TEX,Will Middlebrooks,"Middlebrooks, W."
12833,LAA,Alex Meyer,"Meyer, A."
13265,SEA,Mike Zunino,"Zunino, M."
5361,ATL,Freddie Freeman,"Freeman, F."
9490,MIL,Jeremy Jeffress,"Jeffress, J."
12546,LAA,C.J. Cron,"Cron, C."
10556,PHI,Cesar Hernandez,"Hernandez, C."
13218,DET,Michael Fulmer,"Fulmer, M."
7087,BAL,Caleb Joseph,"Joseph, C."
9884,SD,Travis Wood,"Wood, T."
10349,PHI,Tommy Joseph,"Joseph, T."
2429,CLE,Corey Kluber,"Kluber, C."
2391,CHC,Hector Rondon,"Rondon, H."
4881,TEX,Carlos Gomez,"Gomez, C."
10317,PIT,Danny Ortiz,"Ortiz, D."
11486,ARZ,Robbie Ray,"Ray, R."
1345,CIN,Blake Wood,"Wood, B."
10642,LAA,Carlos Perez,"Perez, C."
3542,KC,Danny Duffy,"Duffy, D."
12452,NYM,Chase Bradford,"Bradford, C."
4579,NYY,Starlin Castro,"Castro, S."
15730,NYY,Tyler Wade,"Wade, T."
11470,COL,Tony Wolters,"Wolters, T."
1736,NYM,Jose Reyes,"Reyes, J."
7882,PIT,Josh Lindblom,"Lindblom, J."
5306,ARZ,Kristopher Negron,"Negron, K."
3797,BAL,J.J. Hardy,"Hardy, J."
9205,TB,Logan Morrison,"Morrison, L."
15274,COL,Mike Tauchman,"Tauchman, M."
5827,NYM,Wilmer Flores,"Flores, W."
4747,LAD,Curtis Granderson,"Granderson, C."
5666,CIN,Devin Mesoraco,"Mesoraco, D."
7608,MIL,Tommy Milone,"Milone, T."
11241,SEA,Mike Freeman,"Freeman, M."
11609,CHC,Willson Contreras,"Contreras, W."
14811,STL,Luke Voit,"Voit, L."
8137,ATL,Jaime Garcia,"Garcia, J."
13809,ATL,Micah Johnson,"Johnson, M."
15937,STL,Aledmys Diaz,"Diaz, A."
4082,SD,Erick Aybar,"Aybar, E."
4251,WSH,Stephen Drew,"Drew, S."
12360,SD,Kevin Quackenbush,"Quackenbush, K."
13654,OAK,Jharel Cotton,"Cotton, J."
1327,WSH,Jayson Werth,"Werth, J."
589,HOU,Carlos Beltran,"Beltran, C."
11038,TB,Kevin Kiermaier,"Kiermaier, K."
7331,BAL,Seth Smith,"Smith, S."
17838,TEX,Willie Calhoun,"Calhoun, W."
791,ATL,Brandon Phillips,"Phillips, B."
13818,MIA,Chris O'Grady,"O'Grady, C."
4949,MIA,Giancarlo Stanton,"Stanton, G."
13473,TOR,Dwight Smith,"Smith, D."
6893,SF,Johnny Cueto,"Cueto, J."
9256,ARZ,A.J. Pollock,"Pollock, A."
2495,BAL,Pedro Alvarez,"Alvarez, P."
13757,LAD,Chris Taylor,"Taylor, C."
13359,CLE,Tyler Naquin,"Naquin, T."
15488,COL,Antonio Senzatela,"Senzatela, A."
14567,SD,Franchy Cordero,"Cordero, F."
4064,CHC,Brian Duensing,"Duensing, B."
12110,BAL,David Washington,"Washington, D."
11936,SF,Joe Panik,"Panik, J."
10925,SEA,Christian Bergman,"Bergman, C."
4106,CLE,Michael Brantley,"Brantley, M."
5384,NYM,Juan Lagares,"Lagares, J."
12976,SD,Austin Hedges,"Hedges, A."
15157,BAL,Jimmy Yacabonis,"Yacabonis, J."
15112,COL,Ryan McMahon,"McMahon, R."
4505,DET,Jordan Zimmermann,"Zimmermann, J."
3237,ARZ,T.J. McFarland,"McFarland, T."
6230,BOS,Kyle Kendrick,"Kendrick, K."
12937,PIT,Jose Osuna,"Osuna, J."
4869,CHC,Mike Montgomery,"Montgomery, M."
12979,CHC,Javier Baez,"Baez, J."
9166,SF,Buster Posey,"Posey, B."
6887,LAA,Martin Maldonado,"Maldonado, M."
5352,SD,Yangervis Solarte,"Solarte, Y."
13444,PHI,Cam Perkins,"Perkins, C."
5273,BOS,Sandy Leon,"Leon, S."
4727,NYY,Jacoby Ellsbury,"Ellsbury, J."
11477,MIA,Christian Yelich,"Yelich, C."
15983,NYY,Clint Frazier,"Frazier, C."
11334,STL,Tyler Lyons,"Lyons, T."
3395,LAA,Cliff Pennington,"Pennington, C."
16943,ATL,Sean Newcomb,"Newcomb, S."
4191,LAA,Yunel Escobar,"Escobar, Y."
14329,TOR,Anthony Alford,"Alford, A."
6878,TOR,Chris Coghlan,"Coghlan, C."
15640,NYY,Aaron Judge,"Judge, A."
13267,LAA,Nolan Fontana,"Fontana, N."
15551,PHI,Mark Leiter,"Leiter, M."
1507,CHC,John Lackey,"Lackey, J."
16472,PHI,Rhys Hoskins,"Hoskins, R."
16411,TOR,Richard Urena,"Urena, R."
12409,TEX,Ryan Rua,"Rua, R."
12984,BOS,Jackie Bradley Jr.,"Jr., J."
8252,SF,Hunter Pence,"Pence, H."
4779,CHW,Rymer Liriano,"Liriano, R."
1433,TB,Wilson Ramos,"Ramos, W."
14706,ARZ,Anthony Banda,"Banda, A."
12677,LAD,O'Koyea Dickson,"Dickson, O."
3543,PHI,Clay Buchholz,"Buchholz, C."
6902,TEX,Martin Perez,"Perez, M."
3184,BOS,David Price,"Price, D."
8370,BOS,Dustin Pedroia,"Pedroia, D."
11589,MIA,Jose Urena,"Urena, J."
15519,OAK,Franklin Barreto,"Barreto, F."
2717,BOS,Rick Porcello,"Porcello, R."
13075,HOU,Nori Aoki,"Aoki, N."
8421,NYM,Adam Wilk,"Wilk, A."
11003,HOU,Evan Gattis,"Gattis, E."
5000,OAK,Stephen Vogt,"Vogt, S."
6797,ATL,Julio Teheran,"Teheran, J."
12804,ATL,Matt Wisler,"Wisler, M."
9308,OAK,Josh Phegley,"Phegley, J."
10587,COL,Chad Bettis,"Bettis, C."
13510,CLE,Jose Ramirez,"Ramirez, J."
14523,WSH,Pedro Severino,"Severino, P."
14371,PHI,Jake Thompson,"Thompson, J."
9954,TOR,Darrell Ceciliani,"Ceciliani, D."
3411,KC,Drew Butera,"Butera, D."
12532,STL,Kolten Wong,"Wong, K."
13125,PIT,Gerrit Cole,"Cole, G."
11165,LAA,Ramon Flores,"Flores, R."
7531,HOU,Collin McHugh,"McHugh, C."
2036,LAD,Clayton Kershaw,"Kershaw, C."
7539,MIL,Neil Walker,"Walker, N."
16623,CLE,Greg Allen,"Allen, G."
17237,CIN,Austin Brice,"Brice, A."
5305,DET,Alex Presley,"Presley, A."
12916,CLE,Francisco Lindor,"Lindor, F."
11449,WSH,Matt Grace,"Grace, M."
13932,MIN,Dietrich Enns,"Enns, D."
7945,OAK,Jaff Decker,"Decker, J."
5448,LAA,Jesse Chavez,"Chavez, J."
3174,TEX,Shin-Soo Choo,"Choo, S."
13593,CIN,Jose Peraza,"Peraza, J."
10655,CHW,Rob Brantly,"Brantly, R."
375,ATL,Bartolo Colon,"Colon, B."
11385,DET,Matt den Dekker,"Dekker, M."
10953,TEX,Phil Gosselin,"Gosselin, P."
10855,NYY,Chasen Shreve,"Shreve, C."
6848,SF,Eduardo Nunez,"Nunez, E."
7158,LAA,Eric Young,"Young, E."
10264,SF,Brandon Belt,"Belt, B."
3057,TEX,Mike Napoli,"Napoli, M."
7947,SF,Cory Gearrin,"Gearrin, C."
14710,SEA,Edwin Diaz,"Diaz, E."
9054,TOR,Justin Smoak,"Smoak, J."
14131,NYY,Gregory Bird,"Bird, G."
17005,NYM,Gavin Cecchini,"Cecchini, G."
15447,OAK,Ryon Healy,"Healy, R."
14107,BAL,Kevin Gausman,"Gausman, K."
7125,STL,Alberto Rosario,"Rosario, A."
14932,PHI,Ben Lively,"Lively, B."
16246,HOU,A.J. Reed,"Reed, A."
18498,LAD,Kenta Maeda,"Maeda, K."
1245,ATL,R.A. Dickey,"Dickey, R."
3531,TOR,Troy Tulowitzki,"Tulowitzki, T."
8779,BAL,Wade Miley,"Miley, W."
2636,CLE,Brandon Guyer,"Guyer, B."
13781,LAD,Alex Wood,"Wood, A."
14818,DET,JaCoby Jones,"Jones, J."
12399,SEA,Taylor Motter,"Motter, T."
6175,SF,Albert Suarez,"Suarez, A."
12325,ATL,Jace Peterson,"Peterson, J."
13338,CHW,Omar Narvaez,"Narvaez, O."
2047,ARZ,Jorge de la Rosa,"Rosa, J."
16164,OAK,Daniel Gossett,"Gossett, D."
16909,HOU,Colin Moran,"Moran, C."
5343,SF,Brandon Crawford,"Crawford, B."
10347,TOR,Mike Ohlman,"Ohlman, M."
8392,ARZ,Daniel Descalso,"Descalso, D."
11776,PIT,Angel Sanchez,"Sanchez, A."
9627,CLE,Yan Gomes,"Gomes, Y."
6364,SEA,Danny Valencia,"Valencia, D."
9776,CLE,Jason Kipnis,"Kipnis, J."
3086,BOS,Mitch Moreland,"Moreland, M."
5524,SF,Madison Bumgarner,"Bumgarner, M."
7731,STL,Juan Nicasio,"Nicasio, J."
7476,DET,Alex Avila,"Avila, A."
13071,MIA,Wei-Yin Chen,"Chen, W."
13594,CIN,Robert Stephenson,"Stephenson, R."
12972,WSH,Joe Ross,"Ross, J."
15103,OAK,Boog Powell,"Powell, B."
18006,PIT,John Bormann,"Bormann, J."
14113,KC,Ramon Torres,"Torres, R."
14361,SF,Ty Blach,"Blach, T."
4220,WSH,Ryan Zimmerman,"Zimmerman, R."
8298,BAL,Francisco Pena,"Pena, F."
8090,STL,Matt Carpenter,"Carpenter, M."
4079,MIA,Junichi Tazawa,"Tazawa, J."
14605,HOU,James Hoyt,"Hoyt, J."
7462,OAK,Trevor Plouffe,"Plouffe, T."
3376,SF,Nick Hundley,"Hundley, N."
9048,TOR,Ezequiel Carrera,"Carrera, E."
2530,OAK,Yonder Alonso,"Alonso, Y."
4249,LAA,Shane Robinson,"Robinson, S."
16376,NYM,Michael Conforto,"Conforto, M."
16256,COL,Kyle Freeland,"Freeland, K."
5519,BAL,Ruben Tejada,"Tejada, R."
6316,MIA,David Phelps,"Phelps, D."
11801,NYM,Hansel Robles,"Robles, H."
9911,NYY,Chris Carter,"Carter, C."
7358,CLE,Michael Martinez,"Martinez, M."
13324,ARZ,Ildemaro Vargas,"Vargas, I."
14712,SD,Manuel Margot,"Margot, M."
12508,MIL,Jett Bandy,"Bandy, J."
14221,KC,Jorge Soler,"Soler, J."
2929,MIA,Jeff Locke,"Locke, J."
10304,SD,Jarred Cosart,"Cosart, J."
13176,BOS,Blake Swihart,"Swihart, B."
9134,ATL,Tyler Flowers,"Flowers, T."
9077,KC,Lorenzo Cain,"Cain, L."
3990,MIA,Edinson Volquez,"Volquez, E."
13690,CIN,Sal Romano,"Romano, S."
12244,PHI,Brock Stassi,"Stassi, B."
12533,OAK,Marcus Semien,"Semien, M."
11476,PHI,Odubel Herrera,"Herrera, O."
13153,SD,Luis Sardinas,"Sardinas, L."
14274,SEA,Mitch Haniger,"Haniger, M."
14942,PHI,Andrew Knapp,"Knapp, A."
4810,HOU,Brian McCann,"McCann, B."
10310,NYM,Zack Wheeler,"Wheeler, Z."
6562,TB,Alex Cobb,"Cobb, A."
3255,LAD,Franklin Gutierrez,"Gutierrez, F."
14553,TEX,Nomar Mazara,"Mazara, N."
5417,HOU,Jose Altuve,"Altuve, J."
12777,STL,John Brebbia,"Brebbia, J."
11368,LAD,Yasmani Grandal,"Grandal, Y."
14420,CIN,Jackson Stephens,"Stephens, J."
4972,TEX,Cole Hamels,"Hamels, C."
16162,MIL,Brandon Woodruff,"Woodruff, B."
15890,NYY,Luis Severino,"Severino, L."
4338,COL,Tyler Chatwood,"Chatwood, T."
7571,CLE,Lonnie Chisenhall,"Chisenhall, L."
14812,CIN,Barrett Astin,"Astin, B."
4806,LAD,Rich Hill,"Hill, R."
8700,DET,Justin Verlander,"Verlander, J."
8001,BOS,Hanley Ramirez,"Ramirez, H."
3137,WSH,Max Scherzer,"Scherzer, M."
6345,TB,Chris Archer,"Archer, C."
6249,SD,Trevor Cahill,"Cahill, T."
14457,MIA,Adam Conley,"Conley, A."
7619,COL,Mark Reynolds,"Reynolds, M."
10340,PIT,Gift Ngoepe,"Ngoepe, G."
13611,BOS,Mookie Betts,"Betts, M."
5275,PIT,Francisco Cervelli,"Cervelli, F."
13896,NYM,Chris Flexen,"Flexen, C."
1873,NYY,Matt Holliday,"Holliday, M."
13453,CHC,Eddie Butler,"Butler, E."
8610,TOR,Kendrys Morales,"Morales, K."
10339,CIN,Scooter Gennett,"Gennett, S."
4235,SD,Jered Weaver,"Weaver, J."
12723,DET,Tyler Collins,"Collins, T."
4940,CHC,Jason Heyward,"Heyward, J."
11339,HOU,Jake Marisnick,"Marisnick, J."
7410,TOR,J.A. Happ,"Happ, J."
3815,TOR,Mat Latos,"Latos, M."
16511,NYY,Jordan Montgomery,"Montgomery, J."
14735,MIL,Brett Phillips,"Phillips, B."
12778,SEA,Sam Gaviglio,"Gaviglio, S."
15524,CHC,Jen-Ho Tseng,"Tseng, J."
15440,DET,Matt Boyd,"Boyd, M."
6397,TB,Jake Odorizzi,"Odorizzi, J."
12808,CLE,Mike Clevinger,"Clevinger, M."
4316,WSH,Daniel Murphy,"Murphy, D."
10348,MIL,Domingo Santana,"Santana, D."
11596,CIN,Deck McGuire,"McGuire, D."
9284,ARZ,Chris Herrmann,"Herrmann, C."
13821,TOR,Ian Parmley,"Parmley, I."
14957,SD,Jose Torres,"Torres, J."
11579,WSH,Bryce Harper,"Harper, B."
5497,HOU,Marwin Gonzalez,"Gonzalez, M."
6012,NYY,Didi Gregorius,"Gregorius, D."
12510,TB,Curt Casali,"Casali, C."
5311,STL,Chad Huffman,"Huffman, C."
10053,WSH,Grant Green,"Green, G."
5038,TOR,Josh Donaldson,"Donaldson, J."
9927,NYY,Brett Gardner,"Gardner, B."
13132,MIL,Andrew Susac,"Susac, A."
5114,NYM,Jeurys Familia,"Familia, J."
14128,TEX,Joey Gallo,"Gallo, J."
14862,ARZ,Zack Godley,"Godley, Z."
11846,SEA,Leonys Martin,"Martin, L."
7996,STL,Jose Martinez,"Martinez, J."
13613,ARZ,Ketel Marte,"Marte, K."
7739,NYM,Travis d'Arnaud,"d'Arnaud, T."
10473,KC,Cheslor Cuthbert,"Cuthbert, C."
10324,MIA,Marcell Ozuna,"Ozuna, M."
10533,SD,Rocky Gale,"Gale, R."
13608,TB,Mallex Smith,"Smith, M."
10243,STL,Randal Grichuk,"Grichuk, R."
11720,CHC,Justin Grimm,"Grimm, J."
4892,KC,Mike Moustakas,"Moustakas, M."
12861,WSH,Anthony Rendon,"Rendon, A."
18030,STL,Harrison Bader,"Bader, H."
7423,TB,Shane Peterson,"Peterson, S."
9388,CLE,Josh Tomlin,"Tomlin, J."
8347,SF,Denard Span,"Span, D."
14212,MIL,Josh Hader,"Hader, J."
8173,SEA,Yovani Gallardo,"Gallardo, Y."
12763,HOU,Chris Devenski,"Devenski, C."
12371,CHC,Tommy La Stella,"Stella, T."
2967,STL,Tommy Pham,"Pham, T."
10329,ARZ,Rey Fuentes,"Fuentes, R."
10711,CIN,Arismendy Alcantara,"Alcantara, A."
8259,ATL,Kurt Suzuki,"Suzuki, K."
8202,PIT,Josh Harrison,"Harrison, J."
7304,KC,Salvador Perez,"Perez, S."
11836,ARZ,Taijuan Walker,"Walker, T."
8223,CHC,Brett Anderson,"Anderson, B."
12158,LAD,Austin Barnes,"Barnes, A."
13788,NYM,Matt Reynolds,"Reynolds, M."
17233,MIA,Brian Ellington,"Ellington, B."
7448,WSH,Gio Gonzalez,"Gonzalez, G."
4676,HOU,Charlie Morton,"Morton, C."
3371,WSH,Alejandro De Aza,"Aza, A."
9893,TB,Colby Rasmus,"Rasmus, C."
2900,CLE,Roberto Perez,"Perez, R."
14106,CHC,Addison Russell,"Russell, A."
15764,NYY,Masahiro Tanaka,"Tanaka, M."
10954,NYM,Jacob deGrom,"deGrom, J."
17425,WSH,Erick Fedde,"Fedde, E."
10071,MIL,Jonathan Villar,"Villar, J."
11287,DET,Bryan Holaday,"Holaday, B."
5222,DET,Justin Upton,"Upton, J."
11752,ATL,Luke Jackson,"Jackson, L."
1738,STL,Jhonny Peralta,"Peralta, J."
11716,TOR,Nick Tepesch,"Tepesch, N."
13470,ATL,Luke Sims,"Sims, L."
1887,TOR,Jose Bautista,"Bautista, J."
15197,SD,Carlos Asuaje,"Asuaje, C."
13619,KC,Jakob Junis,"Junis, J."
11905,SF,Orlando Calixte,"Calixte, O."
3284,DET,Anibal Sanchez,"Sanchez, A."
7168,HOU,Juan Centeno,"Centeno, J."
15766,WSH,Raudy Read,"Read, R."
5751,MIL,Hernan Perez,"Perez, H."
12926,CHW,Alen Hanson,"Hanson, A."
5227,CHC,Jon Jay,"Jay, J."
4971,NYM,Fernando Salas,"Salas, F."
14962,CIN,Rookie Davis,"Davis, R."
6266,CLE,Daniel Robertson,"Robertson, D."
12447,NYM,Seth Lugo,"Lugo, S."
16727,LAD,Brock Stewart,"Stewart, B."
11442,NYY,Gary Sanchez,"Sanchez, G."
17526,SEA,Ariel Miranda,"Miranda, A."
12703,CLE,Trevor Bauer,"Bauer, T."
11903,HOU,Michael Feliz,"Feliz, M."
10028,SD,Christian Bethancourt,"Bethancourt, C."
5913,CHW,Leury Garcia,"Garcia, L."
6195,DET,Ian Kinsler,"Kinsler, I."
15491,PHI,J.P. Crawford,"Crawford, J."
5398,LAA,Juan Graterol,"Graterol, J."
9807,TOR,Ryan Goins,"Goins, R."
2233,STL,Adam Wainwright,"Wainwright, A."
15594,MIA,Nick Wittgren,"Wittgren, N."
10951,STL,Greg Garcia,"Garcia, G."
17130,CIN,Raisel Iglesias,"Iglesias, R."
14103,ATL,Rio Ruiz,"Ruiz, R."
11602,CHW,Yolmer Sanchez,"Sanchez, Y."
1890,SF,Matt Moore,"Moore, M."
11493,BAL,Manny Machado,"Machado, M."
4371,PHI,Jeremy Hellickson,"Hellickson, J."
10199,CIN,Billy Hamilton,"Hamilton, B."
9425,BOS,Doug Fister,"Fister, D."
17232,CHW,Yoan Moncada,"Moncada, Y."
16556,ATL,Ozzie Albies,"Albies, O."
13528,STL,Matt Bowman,"Bowman, M."
1994,PIT,Ivan Nova,"Nova, I."
15694,BAL,Chance Sisco,"Sisco, C."
7888,BAL,Ryan Flaherty,"Flaherty, R."
9323,ARZ,Patrick Corbin,"Corbin, P."
2852,SF,Chris Marrero,"Marrero, C."
4001,WSH,Enny Romero,"Romero, E."
15007,PHI,Yacksel Rios,"Rios, Y."
6435,MIA,Vance Worley,"Worley, V."
13743,ATL,Max Fried,"Fried, M."
16358,CIN,Tyler Mahle,"Mahle, T."
14225,LAD,Yasiel Puig,"Puig, Y."
18790,MIA,Dillon Peters,"Peters, D."
14678,BOS,Tzu-Wei Lin,"Lin, T."
3142,TEX,Robinson Chirinos,"Chirinos, R."
2882,LAD,Luis Avilan,"Avilan, L."
15161,MIN,Mitch Garver,"Garver, M."
14894,HOU,Tony Kemp,"Kemp, T."
16192,HOU,Derek Fisher,"Fisher, D."
9434,HOU,Dallas Keuchel,"Keuchel, D."
11472,DET,Dixon Machado,"Machado, D."
12164,MIN,Miguel Sano,"Sano, M."
3830,LAA,Ricky Nolasco,"Nolasco, R."
13624,LAD,Corey Seager,"Seager, C."
12160,SEA,Ben Gamel,"Gamel, B."
9744,MIA,Justin Bour,"Bour, J."
12092,MIN,Niko Goodrum,"Goodrum, N."
12049,CHC,Kyle Hendricks,"Hendricks, K."
11145,KC,Christian Colon,"Colon, C."
9286,MIL,Rob Scahill,"Scahill, R."
9111,SD,Brad Hand,"Hand, B."
15518,NYM,Amed Rosario,"Rosario, A."
11189,PHI,Vince Velasquez,"Velasquez, V."
7226,CHW,Matt Davidson,"Davidson, M."
2539,NYY,Pete Kozma,"Kozma, P."
4538,KC,Jason Hammel,"Hammel, J."
4054,ATL,Emilio Bonifacio,"Bonifacio, E."
14168,MIN,Jose Berrios,"Berrios, J."
14272,BOS,Brian Johnson,"Johnson, B."
2608,SD,Jhoulys Chacin,"Chacin, J."
16252,WSH,Trea Turner,"Turner, T."
13768,SD,Travis Jankowski,"Jankowski, T."
16221,CLE,Bradley Zimmer,"Zimmer, B."
5887,PIT,John Jaso,"Jaso, J."
8362,CIN,Homer Bailey,"Bailey, H."
6547,PIT,Jordy Mercer,"Mercer, J."
16434,SF,Christian Arroyo,"Arroyo, C."
12294,SD,Cory Spangenberg,"Spangenberg, C."
7853,SEA,Andrew Albers,"Albers, A."
7738,MIL,Wily Peralta,"Peralta, W."
5408,OAK,Jake Smolinski,"Smolinski, J."
8044,KC,Jason Vargas,"Vargas, J."
13152,MIN,Jorge Polanco,"Polanco, J."
1907,PHI,Andres Blanco,"Blanco, A."
11281,KC,Whit Merrifield,"Merrifield, W."
9009,SF,Conor Gillaspie,"Gillaspie, C."
9848,CLE,Austin Jackson,"Jackson, A."
7287,COL,Carlos Gonzalez,"Gonzalez, C."
9218,ARZ,Paul Goldschmidt,"Goldschmidt, P."
7593,SD,Jordan Lyles,"Lyles, J."
6310,KC,Alcides Escobar,"Escobar, A."
12590,TB,Taylor Featherston,"Featherston, T."
10231,DET,Jose Iglesias,"Iglesias, J."
13361,NYM,Steven Matz,"Matz, S."
10542,MIA,Derek Dietrich,"Dietrich, D."
5491,NYY,Austin Romine,"Romine, A."
15878,NYY,Miguel Andujar,"Andujar, M."
14162,HOU,Carlos Correa,"Correa, C."
9895,COL,Chris Rusin,"Rusin, C."
11738,SD,Christian Villanueva,"Villanueva, C."
13620,STL,Carson Kelly,"Kelly, C."
4866,SEA,Jarrod Dyson,"Dyson, J."
404,NYY,CC Sabathia,"Sabathia, C."
9874,COL,DJ LeMahieu,"LeMahieu, D."
1679,LAD,Chase Utley,"Utley, C."
12918,ARZ,Archie Bradley,"Bradley, A."
11342,MIL,Jesus Aguilar,"Aguilar, J."
5557,TOR,Jarrod Saltalamacchia,"Saltalamacchia, J."
9654,MIL,Michael Blazek,"Blazek, M."
12179,PHI,Maikel Franco,"Franco, M."
4243,WSH,Jose Lobaton,"Lobaton, J."
7435,CHC,Ben Zobrist,"Zobrist, B."
3312,MIA,Martin Prado,"Prado, M."
12751,NYM,Tyler Pill,"Pill, T."
11624,SF,Jarrett Parker,"Parker, J."
9854,DET,Efren Navarro,"Navarro, E."
18721,SEA,Guillermo Heredia,"Heredia, G."
10030,ARZ,Chris Owings,"Owings, C."
12970,HOU,Joe Musgrove,"Musgrove, J."
5409,SF,Pablo Sandoval,"Sandoval, P."
6184,DET,J.D. Martinez,"Martinez, J."
2136,ARZ,David Peralta,"Peralta, D."
13194,TOR,Joe Biagini,"Biagini, J."
3516,KC,Eric Hosmer,"Hosmer, E."
10131,WSH,Stephen Strasburg,"Strasburg, S."
10314,SEA,Erasmo Ramirez,"Ramirez, E."
3448,ARZ,Jeff Mathis,"Mathis, J."
14876,CHW,Jacob May,"May, J."
13074,LAD,Yu Darvish,"Darvish, Y."
11146,PHI,Cameron Rupp,"Rupp, C."
9559,TEX,Austin Bibens-Dirkx,"Bibens-Dirkx, A."
10346,ARZ,John Ryan Murphy,"Murphy, J."
10130,STL,Mike Leake,"Leake, M."
13543,TB,Blake Snell,"Snell, B."
393,DET,Victor Martinez,"Martinez, V."
12938,BAL,Gabriel Ynoa,"Ynoa, G."
16318,PHI,Ricardo Pinto,"Pinto, R."
7620,SF,Justin Ruggiano,"Ruggiano, J."
10197,ARZ,Shelby Miller,"Miller, S."
18314,ATL,Dansby Swanson,"Swanson, D."
11982,MIL,Travis Shaw,"Shaw, T."
3269,SEA,Robinson Cano,"Cano, R."
4062,STL,Dexter Fowler,"Fowler, D."
15627,SD,Dillon Overton,"Overton, D."
10836,CIN,Asher Wojciechowski,"Wojciechowski, A."
5450,PHI,Daniel Nava,"Nava, D."
11338,WSH,Adrian Sanchez,"Sanchez, A."
15982,SF,Ryder Jones,"Jones, R."
11761,TEX,Drew Robinson,"Robinson, D."
12144,MIN,Max Kepler,"Kepler, M."
10047,SD,Wil Myers,"Myers, W."
14352,MIL,Lewis Brinson,"Brinson, L."
13770,NYY,Rob Refsnyder,"Refsnyder, R."
14503,OAK,Renato Nunez,"Nunez, R."
10603,BOS,Chris Sale,"Sale, C."
7802,MIA,Miguel Rojas,"Rojas, M."
12225,CIN,Scott Schebler,"Schebler, S."
4467,KC,Brandon Moss,"Moss, B."
6740,BAL,Johnny Giavotella,"Giavotella, J."
8203,MIA,Dee Gordon,"Gordon, D."
12880,COL,Tyler Anderson,"Anderson, T."
3648,CHC,Rene Rivera,"Rivera, R."
10816,STL,Jedd Gyorko,"Gyorko, J."
5209,KC,Alex Gordon,"Gordon, A."
11369,LAD,Brett Eibner,"Eibner, B."
12782,CHC,Taylor Davis,"Davis, T."
11167,BOS,Josh Rutledge,"Rutledge, J."
10472,LAD,Enrique Hernandez,"Hernandez, E."
17350,BOS,Rafael Devers,"Devers, R."
11674,PIT,Jameson Taillon,"Taillon, J."
11265,BAL,Jonathan Schoop,"Schoop, J."
6697,STL,Miguel Socolovich,"Socolovich, M."
15232,CIN,Cody Reed,"Reed, C."
8027,WSH,Adam Lind,"Lind, A."
8246,MIL,Paolo Espino,"Espino, P."
2434,SEA,Nelson Cruz,"Cruz, N."
13145,PIT,Josh Bell,"Bell, J."
10762,TB,Corey Dickerson,"Dickerson, C."
7740,PHI,Ty Kelly,"Kelly, T."
13853,OAK,Joey Wendle,"Wendle, J."
15564,HOU,Tyler White,"White, T."
17678,HOU,Alex Bregman,"Bregman, A."
6867,TB,Derek Norris,"Norris, D."
12957,BOS,Steve Selsky,"Selsky, S."
5667,TB,Steven Souza Jr.,"Jr., S."
4712,LAA,Ben Revere,"Revere, B."
6986,KC,Ian Kennedy,"Kennedy, I."
7870,TEX,Jonathan Lucroy,"Lucroy, J."
8280,HOU,Tony Sipp,"Sipp, T."
12174,KC,Jorge Bonifacio,"Bonifacio, J."
11446,LAD,Rob Segedin,"Segedin, R."
10059,HOU,Max Stassi,"Stassi, M."
13157,CHW,Nick Delmonico,"Delmonico, N."
13431,TOR,Marcus Stroman,"Stroman, M."
9393,ATL,Matt Adams,"Adams, M."
12701,KC,Billy Burns,"Burns, B."
17027,LAD,Alex Verdugo,"Verdugo, A."
3882,BOS,Chris Young,"Young, C."
13590,CIN,Jesse Winker,"Winker, J."
8753,WSH,Tanner Roark,"Roark, T."
16565,CHC,Mark Zagunis,"Zagunis, M."
5277,SEA,Tuffy Gosewisch,"Gosewisch, T."
12730,TEX,Nick Martinez,"Martinez, N."
10166,LAA,Nick Franklin,"Franklin, N."
17919,CHC,Ian Happ,"Happ, I."
13684,STL,John Gant,"Gant, J."
16403,CLE,Francisco Mejia,"Mejia, F."
3473,CHC,Anthony Rizzo,"Rizzo, A."
4146,SF,Gorkys Hernandez,"Hernandez, G."
12606,TOR,Raffy Lopez,"Lopez, R."
8385,PHI,Pedro Florimon,"Florimon, P."
8553,COL,Gerardo Parra,"Parra, G."
1841,WSH,Edwin Jackson,"Jackson, E."
8782,TEX,Andrew Cashner,"Cashner, A."
15603,CIN,Ariel Hernandez,"Hernandez, A."
19341,BOS,Hector Velazquez,"Velazquez, H."
5223,HOU,Cameron Maybin,"Maybin, C."
5930,ATL,Nick Markakis,"Markakis, N."
13325,BOS,Deven Marrero,"Marrero, D."
15158,ARZ,Braden Shipley,"Shipley, B."
7324,MIN,Chris Gimenez,"Gimenez, C."
10847,LAA,Andrelton Simmons,"Simmons, A."
7077,TEX,A.J. Jimenez,"Jimenez, A."
3711,MIL,Eric Thames,"Thames, E."
15378,SD,Kyle Lloyd,"Lloyd, K."
9810,MIN,Brian Dozier,"Dozier, B."
8879,OAK,Ryan Lavarnway,"Lavarnway, R."
9549,PIT,David Freese,"Freese, D."
14938,ARZ,Jack Reinheimer,"Reinheimer, J."
13942,MIL,Brent Suter,"Suter, B."
15291,PIT,Steven Brault,"Brault, S."
12858,WSH,Brian Goodwin,"Goodwin, B."
13369,CLE,Erik Gonzalez,"Gonzalez, E."
5422,MIA,Steve Lombardozzi,"Lombardozzi, S."
12775,TB,Brad Miller,"Miller, B."
13560,BAL,Alec Asher,"Asher, A."
7412,BAL,Paul Janish,"Janish, P."
3410,MIL,Ryan Braun,"Braun, R."
11468,SD,Zach Lee,"Lee, Z."
13367,STL,Stephen Piscotty,"Piscotty, S."
8609,SF,Tim Federowicz,"Federowicz, T."
14885,COL,Pat Valaika,"Valaika, P."
7927,MIL,Eric Sogard,"Sogard, E."
10950,CIN,Adam Duvall,"Duvall, A."
13807,NYM,Kevin Plawecki,"Plawecki, K."
1908,LAD,Adrian Gonzalez,"Gonzalez, A."
12495,NYM,T.J. Rivera,"Rivera, T."
5235,LAD,Justin Turner,"Turner, J."
11192,TEX,Brett Nicholas,"Nicholas, B."
15873,OAK,Sean Manaea,"Manaea, S."
14936,OAK,Jaycob Brugman,"Brugman, J."
15454,PHI,Nick Pivetta,"Pivetta, N."
6570,MIA,Tom Koehler,"Koehler, T."
16149,PHI,Aaron Nola,"Nola, A."
12434,TOR,Kevin Pillar,"Pillar, K."
8267,ARZ,Chris Iannetta,"Iannetta, C."
15082,CHW,Adam Engel,"Engel, A."
12564,COL,Trevor Story,"Story, T."
7677,NYM,Neil Ramirez,"Ramirez, N."
14130,SEA,Dan Vogelbach,"Vogelbach, D."
11440,PIT,Johnny Barbato,"Barbato, J."
6013,COL,Cristhian Adames,"Adames, C."
15343,MIN,Zack Granite,"Granite, Z."
3551,SD,Clayton Richard,"Richard, C."
12781,NYM,Sean Gilmartin,"Gilmartin, S."
13185,MIL,Orlando Arcia,"Arcia, O."
4616,TOR,Russell Martin,"Martin, R."
2660,STL,Brett Cecil,"Cecil, B."
5221,PIT,Wade LeBlanc,"LeBlanc, W."
15207,CIN,Stuart Turner,"Turner, S."
6609,PHI,Freddy Galvis,"Galvis, F."
13723,PIT,Jacob Stallings,"Stallings, J."
3256,BAL,Welington Castillo,"Castillo, W."
11423,CHW,Jose Quintana,"Quintana, J."
9241,PIT,Starling Marte,"Marte, S."
13329,ARZ,Jake Lamb,"Lamb, J."
4153,CHC,Jake Arrieta,"Arrieta, J."
6153,MIN,Eduardo Escobar,"Escobar, E."
16478,CHC,Kyle Schwarber,"Schwarber, K."
16263,BOS,Sam Travis,"Travis, S."
12594,SEA,Mike Marjama,"Marjama, M."
18015,STL,Paul DeJong,"DeJong, P."
11200,LAA,Kole Calhoun,"Calhoun, K."
10962,CIN,Jake Buchanan,"Buchanan, J."
9253,MIL,Keon Broxton,"Broxton, K."
9399,ARZ,Jeremy Hazelbaker,"Hazelbaker, J."
4732,SF,Matt Cain,"Cain, M."
19198,HOU,Yulieski Gurriel,"Gurriel, Y."
3707,CHW,Geovany Soto,"Soto, G."
11863,MIL,Yadiel Rivera,"Rivera, Y."
13499,COL,Tom Murphy,"Murphy, T."
14916,COL,Jon Gray,"Gray, J."
11400,NYY,Ronald Torreyes,"Torreyes, R."
15223,PIT,Adam Frazier,"Frazier, A."
11997,CHW,Cody Asche,"Asche, C."
9328,SF,Drew Stubbs,"Stubbs, D."
11432,PIT,A.J. Schugel,"Schugel, A."
13862,TOR,Devon Travis,"Travis, D."
17171,ARZ,Yasmany Tomas,"Tomas, Y."
13769,KC,Raul Mondesi,"Mondesi, R."
11737,DET,Nick Castellanos,"Castellanos, N."
10591,KC,Scott Alexander,"Alexander, S."
15464,SD,Hunter Renfroe,"Renfroe, H."
9112,OAK,Khris Davis,"Davis, K."
1159,DET,Andrew Romine,"Romine, A."
6265,LAD,Andre Ethier,"Ethier, A."
12323,MIL,Jacob Barnes,"Barnes, J."
12101,MIN,Kennys Vargas,"Vargas, K."
4403,NYY,Erik Kratz,"Kratz, E."
13273,LAD,Ross Stripling,"Stripling, R."
13269,CIN,Zach Vincej,"Vincej, Z."
15172,CHW,Tim Anderson,"Anderson, T."
5631,ATL,Matt Kemp,"Kemp, M."
13777,ATL,Adonis Garcia,"Garcia, A."
4070,CHC,Pedro Strop,"Strop, P."
9892,CLE,Jay Bruce,"Bruce, J."
3200,MIN,Ervin Santana,"Santana, E."
5452,NYY,Ji-Man Choi,"Choi, J."
9957,TOR,Steve Pearce,"Pearce, S."
15905,SD,Luis Torrens,"Torrens, L."
5933,SEA,Jean Segura,"Segura, J."
6178,ATL,Tony Sanchez,"Sanchez, T."
15191,OAK,Chad Pinder,"Pinder, C."
978,CIN,Bronson Arroyo,"Arroyo, B."
15769,WSH,Rafael Bautista,"Bautista, R."
13621,DET,Jeimer Candelario,"Candelario, J."
4418,OAK,Jed Lowrie,"Lowrie, J."
11680,PIT,Elias Diaz,"Diaz, E."
9785,SEA,Kyle Seager,"Seager, K."
1118,TOR,Marco Estrada,"Estrada, M."
13718,PIT,Chris Bostick,"Bostick, C."
5297,NYY,Aaron Hicks,"Hicks, A."
16017,MIA,Odrisamer Despaigne,"Despaigne, O."
16918,STL,Luke Weaver,"Weaver, L."
9414,MIL,Quintin Berry,"Berry, Q."
5485,SD,Jose Pirela,"Pirela, J."
14813,LAD,Kyle Farmer,"Farmer, K."
8145,STL,Eric Fryer,"Fryer, E."
9777,COL,Nolan Arenado,"Arenado, N."
11121,SEA,Casey Lawrence,"Lawrence, C."
13164,BOS,Eduardo Rodriguez,"Rodriguez, E."
12956,CHW,Willy Garcia,"Garcia, W."
5420,LAD,Pedro Baez,"Baez, P."
4962,NYM,Asdrubal Cabrera,"Cabrera, A."
9847,PIT,Andrew McCutchen,"McCutchen, A."
11935,NYM,Travis Taijeron,"Taijeron, T."
13394,CHC,Dylan Floro,"Floro, D."
6983,CIN,Drew Storen,"Storen, D."
15676,CHW,Jose Abreu,"Abreu, J."
13910,CIN,Patrick Kivlehan,"Kivlehan, P."
8302,LAA,JC Ramirez,"Ramirez, J."
14161,MIN,Byron Buxton,"Buxton, B."
9063,COL,Alexi Amarista,"Amarista, A."
14556,PIT,Max Moroff,"Moroff, M."
11713,NYM,Matt Harvey,"Harvey, M."
4298,WSH,Matt Wieters,"Wieters, M."
7007,STL,Yadier Molina,"Molina, Y."
12161,BOS,Xander Bogaerts,"Bogaerts, X."
15853,PHI,Jesen Therrien,"Therrien, J."
3298,LAD,Charlie Culberson,"Culberson, C."
13761,SF,Chris Stratton,"Stratton, C."
4922,ATL,Ender Inciarte,"Inciarte, E."
13755,NYM,Tomas Nido,"Nido, T."
15689,CIN,Luis Castillo,"Castillo, L."
9015,SEA,Gordon Beckham,"Beckham, G."
4229,WSH,Howie Kendrick,"Kendrick, H."
1101,MIA,Ichiro Suzuki,"Suzuki, I."
14320,WSH,Wilmer Difo,"Difo, W."
3878,PIT,Chris Stewart,"Stewart, C."
9368,TB,Evan Longoria,"Longoria, E."
16578,CLE,Yandy Diaz,"Diaz, Y."
15722,SD,Allen Cordoba,"Cordoba, A."
17901,BOS,Andrew Benintendi,"Benintendi, A."
13346,PHI,Hoby Milner,"Milner, H."
8979,SD,Dusty Coleman,"Coleman, D."
11255,SD,Matt Szczur,"Szczur, M."
2502,TB,Lucas Duda,"Duda, L."
7754,HOU,Mike Fiers,"Fiers, M."
3220,SEA,Jean Machi,"Machi, J."
9953,SD,Ryan Schimpf,"Schimpf, R."
4544,OAK,Chris Smith,"Smith, C."
5677,MIA,A.J. Ellis,"Ellis, A."
11682,STL,Carlos Martinez,"Martinez, C."
13658,KC,Terrance Gore,"Gore, T."
15514,OAK,Kendall Graveman,"Graveman, K."
2396,CLE,Carlos Santana,"Santana, C."
9272,BAL,Chris Davis,"Davis, C."
4952,COL,Ryan Hanigan,"Hanigan, R."
7859,COL,Charlie Blackmon,"Blackmon, C."
7244,MIA,Tyler Moore,"Moore, T."
6876,BAL,Mark Trumbo,"Trumbo, M."
15149,BAL,Trey Mancini,"Mancini, T."
15038,COL,German Marquez,"Marquez, G."
13877,STL,Alex Mejia,"Mejia, A."
4365,LAD,Scott Van Slyke,"Slyke, S."
13110,NYM,Yoenis Cespedes,"Cespedes, Y."
14350,COL,Raimel Tapia,"Tapia, R."
14968,CHC,Victor Caratini,"Caratini, V."
10459,TB,Adeiny Hechavarria,"Hechavarria, A."
7024,CHW,Miguel Gonzalez,"Gonzalez, M."
17075,SF,Miguel Gomez,"Gomez, M."
12580,PHI,Adam Morgan,"Morgan, A."
9486,SF,George Kontos,"Kontos, G."
13154,BOS,Marco Hernandez,"Hernandez, M."
9952,LAD,Trayce Thompson,"Thompson, T."
9682,OAK,Adam Rosales,"Rosales, A."
11494,LAA,Kaleb Cowart,"Cowart, K."
5986,MIA,Mike Aviles,"Aviles, M."
12981,KC,Cam Gallagher,"Gallagher, C."
14374,PIT,Tyler Glasnow,"Glasnow, T."
9219,SEA,Danny Espinosa,"Espinosa, D."
17186,SD,Dinelson Lamet,"Lamet, D."
11132,TEX,A.J. Griffin,"Griffin, A."
14739,OAK,Paul Blackburn,"Blackburn, P."
5107,LAA,Jefry Marte,"Marte, J."
12155,MIN,Eddie Rosario,"Rosario, E."
12856,HOU,George Springer,"Springer, G."
14950,ATL,Johan Camargo,"Camargo, J."
639,TEX,Adrian Beltre,"Beltre, A."
14975,PIT,Chad Kuhl,"Kuhl, C."
15124,LAD,Tim Locastro,"Locastro, T."
13774,PHI,Zach Eflin,"Eflin, Z."
9345,BOS,Brock Holt,"Holt, B."
18363,WSH,Victor Robles,"Robles, V."
15429,CHC,Kris Bryant,"Bryant, K."
15467,SEA,Marco Gonzales,"Gonzales, M."
11012,CIN,Kevin Shackelford,"Shackelford, K."
6785,CLE,Andrew Miller,"Miller, A."
18815,SD,Miguel Diaz,"Diaz, M."
13414,LAD,Andrew Toles,"Toles, A."
16980,OAK,Daniel Mengden,"Mengden, D."
10067,MIA,Tomas Telis,"Telis, T."
12927,NYM,Brandon Nimmo,"Nimmo, B."
11762,NYM,Noah Syndergaard,"Syndergaard, N."
10289,SD,Hector Sanchez,"Sanchez, H."
9975,ARZ,Tom Wilhelmsen,"Wilhelmsen, T."
5942,TB,Jesus Sucre,"Sucre, J."
16137,CHW,Carlos Rodon,"Rodon, C."
11899,LAD,Joc Pederson,"Pederson, J."
14738,CIN,Phillip Ervin,"Ervin, P."
4930,CHC,Jon Lester,"Lester, J."
18718,PHI,Hyun Soo Kim,"Kim, H."
11445,OAK,Mark Canha,"Canha, M."
15166,ATL,Luiz Gohara,"Gohara, L."
16153,SF,Austin Slater,"Slater, A."
8418,MIN,Ehire Adrianza,"Adrianza, E."
1849,TB,Rickie Weeks Jr.,"Jr., R."
10807,CHW,Tyler Saladino,"Saladino, T."
6104,SF,Aaron Hill,"Hill, A."
13150,BAL,Jayson Aquino,"Aquino, J."
13183,MIL,Zach Davies,"Davies, Z."
1857,MIN,Joe Mauer,"Mauer, J."
5372,NYY,Michael Pineda,"Pineda, M."
14551,BAL,Anthony Santander,"Santander, A."
2430,TOR,Darwin Barney,"Barney, D."
16086,PHI,Edubray Ramos,"Ramos, E."
785,CHW,Todd Frazier,"Frazier, T."
14120,HOU,Lance McCullers,"McCullers, L."
3978,WSH,Chris Heisey,"Heisey, C."
2579,SEA,Carlos Ruiz,"Ruiz, C."
17023,STL,Magneuris Sierra,"Sierra, M."
14158,SF,Mac Williamson,"Williamson, M."
13713,MIA,Kyle Barraclough,"Barraclough, K."
9674,BAL,Vidal Nuno,"Nuno, V."
13607,CHC,Carl Edwards Jr.,"Jr., C."
4720,NYY,Chase Headley,"Headley, C."
2218,WSH,Ryan Raburn,"Raburn, R."
10811,ATL,Mike Foltynewicz,"Foltynewicz, M."
2829,MIL,Manny Pina,"Pina, M."
