ID,Team,Player,Fox Name
9866,ATL,Chaz Roe,"Roe, C."
10968,CIN,Tim Adleman,"Adleman, T."
13674,KC,Onelki Garcia,"Garcia, O."
11502,LAA,Parker Bridwell,"Bridwell, P."
13764,TOR,Roberto Osuna,"Osuna, R."
14825,CHW,Dylan Covey,"Covey, D."
13911,COL,Scott Oberg,"Oberg, S."
2072,WSH,Jeremy Guthrie,"Guthrie, J."
1837,MIN,Matt Belisle,"Belisle, M."
3132,LAD,Tony Watson,"Watson, T."
12760,NYM,Rafael Montero,"Montero, R."
9029,NYY,Adam Warren,"Warren, A."
14771,SEA,Emilio Pagan,"Pagan, E."
9346,LAD,Brandon Morrow,"Morrow, B."
1943,ARZ,Zack Greinke,"Greinke, Z."
6895,MIL,Chase Anderson,"Anderson, C."
8600,MIA,Dustin McGowan,"McGowan, D."
2520,STL,Lance Lynn,"Lynn, L."
7450,MIN,Phil Hughes,"Hughes, P."
4849,WSH,Joe Blanton,"Blanton, J."
4301,DET,Justin Wilson,"Wilson, J."
11426,BOS,Drew Pomeranz,"Pomeranz, D."
17432,COL,Jeff Hoffman,"Hoffman, J."
13892,NYM,Paul Sewald,"Sewald, P."
11506,DET,Jeff Ferrell,"Ferrell, J."
14665,HOU,Jandel Gustave,"Gustave, J."
13293,OAK,Daniel Coulombe,"Coulombe, D."
15006,TOR,Luis Santos,"Santos, L."
4696,CHW,Nate Jones,"Jones, N."
17479,STL,Jack Flaherty,"Flaherty, J."
9460,MIA,Dan Straily,"Straily, D."
14934,ATL,Aaron Blair,"Blair, A."
16904,MIL,Aaron Wilkerson,"Wilkerson, A."
5830,MIL,Jhan Marinez,"Marinez, J."
14874,OAK,Sam Moll,"Moll, S."
15688,NYY,Ronald Herrera,"Herrera, R."
3374,BAL,Ubaldo Jimenez,"Jimenez, U."
6483,SEA,Steve Cishek,"Cishek, S."
10185,WSH,Jacob Turner,"Turner, J."
12499,MIN,Drew Rucinski,"Rucinski, D."
13128,MIN,Jason Wheeler,"Wheeler, J."
10267,TEX,Tanner Scheppers,"Scheppers, T."
14844,TOR,Matt Dermody,"Dermody, M."
10066,ATL,Ian Krol,"Krol, I."
4759,STL,Jonathan Broxton,"Broxton, J."
12277,TOR,Leonel Campos,"Campos, L."
14510,SEA,Thyago Vieira,"Vieira, T."
18806,MIA,Drew Steckenrider,"Steckenrider, D."
11394,MIN,Alex Wimmers,"Wimmers, A."
3254,SF,Jeff Samardzija,"Samardzija, J."
15764,NYY,Masahiro Tanaka,"Tanaka, M."
3364,CHC,Miguel Montero,"Montero, M."
14375,CIN,Amir Garrett,"Garrett, A."
3555,TEX,Tony Barnette,"Barnette, T."
13780,DET,Daniel Stumpf,"Stumpf, D."
4080,PIT,Dan Runzler,"Runzler, D."
10547,MIL,Jimmy Nelson,"Nelson, J."
4891,KC,Peter Moylan,"Moylan, P."
4141,CHW,Derek Holland,"Holland, D."
13685,CLE,Nick Goody,"Goody, N."
5669,PHI,Henderson Alvarez,"Alvarez, H."
13696,NYM,Robert Gsellman,"Gsellman, R."
11754,MIA,Justin Nicolino,"Nicolino, J."
10190,LAA,Tyler Skaggs,"Skaggs, T."
13763,TOR,Dominic Leone,"Leone, D."
14309,OAK,Frankie Montas,"Montas, F."
13403,CHC,Felix Pena,"Pena, F."
9286,MIL,Rob Scahill,"Scahill, R."
12664,PHI,Jerad Eickhoff,"Eickhoff, J."
3397,TB,Jumbo Diaz,"Diaz, J."
17355,PIT,Edgar Santana,"Santana, E."
8110,CLE,Bryan Shaw,"Shaw, B."
14843,CIN,Michael Lorenzen,"Lorenzen, M."
13774,PHI,Zach Eflin,"Eflin, Z."
8844,PIT,Antonio Bastardo,"Bastardo, A."
5530,MIN,Nik Turley,"Turley, N."
17149,NYY,Domingo German,"German, D."
16128,MIN,John Curtiss,"Curtiss, J."
3299,OAK,Chris Hatcher,"Hatcher, C."
5224,LAA,Blake Parker,"Parker, B."
10291,TOR,Ryan Tepera,"Tepera, R."
10843,TB,Adam Kolarek,"Kolarek, A."
9309,SD,Buddy Baumann,"Baumann, B."
17526,SEA,Ariel Miranda,"Miranda, A."
1581,WSH,Sean Doolittle,"Doolittle, S."
10285,NYM,Josh Smoker,"Smoker, J."
6283,CIN,Scott Feldman,"Feldman, S."
10756,DET,Shane Greene,"Greene, S."
14552,SD,Jose Ruiz,"Ruiz, J."
12673,BOS,Roenis Elias,"Elias, R."
14765,LAD,Julio Urias,"Urias, J."
4776,LAA,Matt Shoemaker,"Shoemaker, M."
3340,MIL,Matt Garza,"Garza, M."
18282,MIA,Jarlin Garcia,"Garcia, J."
13572,MIN,Justin Haley,"Haley, J."
4153,CHC,Jake Arrieta,"Arrieta, J."
13287,OAK,Jesse Hahn,"Hahn, J."
18114,BOS,Ben Taylor,"Taylor, B."
15033,CLE,Kyle Crockett,"Crockett, K."
3281,TOR,Joe Smith,"Smith, J."
7407,MIA,Javy Guerra,"Guerra, J."
14078,STL,Michael Wacha,"Wacha, M."
1642,DET,Francisco Rodriguez,"Rodriguez, F."
5279,BAL,Chris Tillman,"Tillman, C."
5401,HOU,Brad Peacock,"Peacock, B."
5003,TEX,Jake Diekman,"Diekman, J."
6632,CLE,Carlos Carrasco,"Carrasco, C."
14776,CHW,Brad Goldberg,"Goldberg, B."
16977,PIT,Trevor Williams,"Williams, T."
14444,LAD,Hyun-Jin Ryu,"Ryu, H."
3862,ARZ,Rubby de la Rosa,"Rosa, R."
6819,BOS,Robbie Ross Jr.,"Jr., R."
11769,DET,Myles Jaye,"Jaye, M."
13580,SF,Steven Okert,"Okert, S."
12027,KC,Brian Flynn,"Flynn, B."
11487,PHI,Joely Rodriguez,"Rodriguez, J."
13313,HOU,Jordan Jankowski,"Jankowski, J."
11388,TOR,Danny Barnes,"Barnes, D."
12833,LAA,Alex Meyer,"Meyer, A."
9490,MIL,Jeremy Jeffress,"Jeffress, J."
14986,NYY,Giovanny Gallegos,"Gallegos, G."
8501,CHW,Danny Farquhar,"Farquhar, D."
9901,CHW,Chris Volstad,"Volstad, C."
9884,SD,Travis Wood,"Wood, T."
12022,TB,Matt Andriese,"Andriese, M."
2429,CLE,Corey Kluber,"Kluber, C."
14382,MIL,Wei-Chung Wang,"Wang, W."
12876,SEA,Tony Zych,"Zych, T."
4026,MIN,Hector Santiago,"Santiago, H."
10946,OAK,Josh Smith,"Smith, J."
10796,NYM,Josh Edgin,"Edgin, J."
11486,ARZ,Robbie Ray,"Ray, R."
1345,LAA,Blake Wood,"Wood, B."
3542,KC,Danny Duffy,"Duffy, D."
12452,NYM,Chase Bradford,"Bradford, C."
7882,PIT,Josh Lindblom,"Lindblom, J."
4806,LAD,Rich Hill,"Hill, R."
3970,DET,Edward Mujica,"Mujica, E."
2237,BOS,Blaine Boyer,"Boyer, B."
7608,MIL,Tommy Milone,"Milone, T."
6238,TB,Diego Moreno,"Moreno, D."
8137,ATL,Jaime Garcia,"Garcia, J."
4082,SD,Erick Aybar,"Aybar, E."
12360,SD,Kevin Quackenbush,"Quackenbush, K."
13654,OAK,Jharel Cotton,"Cotton, J."
10297,DET,Chad Bell,"Bell, C."
9784,LAA,Garrett Richards,"Richards, G."
14672,CHC,Dillon Maples,"Maples, D."
9037,ARZ,J.J. Hoover,"Hoover, J."
14966,SF,Reyes Moronta,"Moronta, R."
16159,CHW,Jace Fry,"Fry, J."
13818,MIA,Chris O'Grady,"O'Grady, C."
6893,SF,Johnny Cueto,"Cueto, J."
7531,HOU,Collin McHugh,"McHugh, C."
15258,COL,Shane Carle,"Carle, S."
15488,COL,Antonio Senzatela,"Senzatela, A."
7293,MIA,Brad Ziegler,"Ziegler, B."
3840,STL,Zach Duke,"Duke, Z."
9419,CHC,Zac Rosscup,"Rosscup, Z."
14371,PHI,Jake Thompson,"Thompson, J."
13331,DET,William Cuevas,"Cuevas, W."
14996,DET,Jairo Labourt,"Labourt, J."
2047,ARZ,Jorge de la Rosa,"Rosa, J."
8461,OAK,Michael Brady,"Brady, M."
14470,SD,Jose Valdez,"Valdez, J."
15157,BAL,Jimmy Yacabonis,"Yacabonis, J."
4505,DET,Jordan Zimmermann,"Zimmermann, J."
3237,ARZ,T.J. McFarland,"McFarland, T."
6230,BOS,Kyle Kendrick,"Kendrick, K."
4869,CHC,Mike Montgomery,"Montgomery, M."
9121,TOR,T.J. House,"House, T."
15451,STL,Mike Mayers,"Mayers, M."
14524,TEX,Jose Leclerc,"Leclerc, J."
11604,PIT,Dovydas Neverauskas,"Neverauskas, D."
12572,WSH,Blake Treinen,"Treinen, B."
9323,ARZ,Patrick Corbin,"Corbin, P."
9149,SD,Tim Melville,"Melville, T."
14957,SD,Jose Torres,"Torres, J."
10341,CHW,Juan Minaya,"Minaya, J."
11720,CHC,Justin Grimm,"Grimm, J."
11334,STL,Tyler Lyons,"Lyons, T."
16943,ATL,Sean Newcomb,"Newcomb, S."
11203,LAD,Grant Dayton,"Dayton, G."
13133,SF,Derek Law,"Law, D."
10028,SD,Christian Bethancourt,"Bethancourt, C."
15551,PHI,Mark Leiter,"Leiter, M."
15091,TB,Hunter Wood,"Wood, H."
1507,CHC,John Lackey,"Lackey, J."
2951,LAD,Josh Ravin,"Ravin, J."
17002,MIN,Trevor Hildenberger,"Hildenberger, T."
1247,COL,Adam Ottavino,"Ottavino, A."
14165,SEA,Rob Whalen,"Whalen, R."
15761,DET,Joe Jimenez,"Jimenez, J."
13360,LAA,Cam Bedrosian,"Bedrosian, C."
14706,ARZ,Anthony Banda,"Banda, A."
3543,PHI,Clay Buchholz,"Buchholz, C."
14832,OAK,Bobby Wahl,"Wahl, B."
6902,TEX,Martin Perez,"Perez, M."
3184,BOS,David Price,"Price, D."
7466,CHW,Anthony Swarzak,"Swarzak, A."
9895,COL,Chris Rusin,"Rusin, C."
13549,BAL,Richard Rodriguez,"Rodriguez, R."
2717,BOS,Rick Porcello,"Porcello, R."
5640,CHW,Tyler Clippard,"Clippard, T."
8421,MIN,Adam Wilk,"Wilk, A."
10314,SEA,Erasmo Ramirez,"Ramirez, E."
6797,ATL,Julio Teheran,"Teheran, J."
12804,ATL,Matt Wisler,"Wisler, M."
10587,COL,Chad Bettis,"Bettis, C."
10171,ATL,Jose Ramirez,"Ramirez, J."
1437,PHI,Joaquin Benoit,"Benoit, J."
2895,CLE,Zach McAllister,"McAllister, Z."
9227,CHC,Koji Uehara,"Uehara, K."
14814,DET,Buck Farmer,"Farmer, B."
15474,CHW,Lucas Giolito,"Giolito, L."
5070,LAD,Josh Fields,"Fields, J."
2036,LAD,Clayton Kershaw,"Kershaw, C."
11752,ATL,Luke Jackson,"Jackson, L."
17303,HOU,Francis Martes,"Martes, F."
8180,STL,Kevin Siegrist,"Siegrist, K."
4300,WSH,Matt Albers,"Albers, M."
17237,CIN,Austin Brice,"Brice, A."
11449,WSH,Matt Grace,"Grace, M."
13424,DET,Drew VerHagen,"VerHagen, D."
13932,MIN,Dietrich Enns,"Enns, D."
17418,HOU,David Paulino,"Paulino, D."
5448,LAA,Jesse Chavez,"Chavez, J."
16155,KC,Eric Skoglund,"Skoglund, E."
10655,CHW,Rob Brantly,"Brantly, R."
18311,CHW,Carson Fulmer,"Fulmer, C."
14527,MIL,Jorge Lopez,"Lopez, J."
5257,LAD,Wilmer Font,"Font, W."
9059,OAK,John Axford,"Axford, J."
375,ATL,Bartolo Colon,"Colon, B."
10234,SF,Bryan Morris,"Morris, B."
12756,SD,Jake Esch,"Esch, J."
2873,OAK,Santiago Casilla,"Casilla, S."
10855,NYY,Chasen Shreve,"Shreve, C."
2170,COL,Chad Qualls,"Qualls, C."
13688,CLE,Ryan Merritt,"Merritt, R."
15215,NYM,Kevin McGowan,"McGowan, K."
12183,CLE,Cody Allen,"Allen, C."
12537,SD,Cory Mazzoni,"Mazzoni, C."
7947,SF,Cory Gearrin,"Gearrin, C."
4064,CHC,Brian Duensing,"Duensing, B."
6785,CLE,Andrew Miller,"Miller, A."
14532,MIN,Felix Jorge,"Jorge, F."
9073,SD,Kirby Yates,"Yates, K."
14107,BAL,Kevin Gausman,"Gausman, K."
8846,DET,Arcenio Leon,"Leon, A."
14932,PHI,Ben Lively,"Lively, B."
18498,LAD,Kenta Maeda,"Maeda, K."
13048,SEA,Hisashi Iwakuma,"Iwakuma, H."
14033,TEX,Mike Hauschild,"Hauschild, M."
8779,BAL,Wade Miley,"Miley, W."
13684,STL,John Gant,"Gant, J."
13781,LAD,Alex Wood,"Wood, A."
8041,MIN,Glen Perkins,"Perkins, G."
6175,SF,Albert Suarez,"Suarez, A."
8823,BAL,Oliver Drake,"Drake, O."
10304,SD,Jarred Cosart,"Cosart, J."
13758,MIN,Tyler Duffey,"Duffey, T."
10534,CHW,Jake Petricka,"Petricka, J."
15028,DET,Victor Alcantara,"Alcantara, V."
4168,LAD,Edward Paredes,"Paredes, E."
8392,ARZ,Daniel Descalso,"Descalso, D."
11776,PIT,Angel Sanchez,"Sanchez, A."
14605,HOU,James Hoyt,"Hoyt, J."
3086,BOS,Mitch Moreland,"Moreland, M."
5524,SF,Madison Bumgarner,"Bumgarner, M."
3548,OAK,Liam Hendriks,"Hendriks, L."
13182,SF,Kyle Crick,"Crick, K."
7731,STL,Juan Nicasio,"Nicasio, J."
15179,LAA,Daniel Wright,"Wright, D."
13071,MIA,Wei-Yin Chen,"Chen, W."
5746,ATL,Eric O'Flaherty,"O'Flaherty, E."
13594,CIN,Robert Stephenson,"Stephenson, R."
12972,WSH,Joe Ross,"Ross, J."
14361,SF,Ty Blach,"Blach, T."
16731,DET,Artie Lewicki,"Lewicki, A."
4079,MIA,Junichi Tazawa,"Tazawa, J."
13435,CHC,Pierce Johnson,"Johnson, P."
16164,OAK,Daniel Gossett,"Gossett, D."
9243,OAK,Simon Castro,"Castro, S."
15200,TOR,Glenn Sparkman,"Sparkman, G."
13075,HOU,Nori Aoki,"Aoki, N."
15046,WSH,Trevor Gott,"Gott, T."
16256,COL,Kyle Freeland,"Freeland, K."
12963,SF,Roberto Gomez,"Gomez, R."
6316,SEA,David Phelps,"Phelps, D."
11801,NYM,Hansel Robles,"Robles, H."
7358,CLE,Michael Martinez,"Martinez, M."
7541,TOR,Lucas Harrell,"Harrell, L."
9033,PHI,Jeanmar Gomez,"Gomez, J."
8782,TEX,Andrew Cashner,"Cashner, A."
18064,SD,Phil Maton,"Maton, P."
2929,MIA,Jeff Locke,"Locke, J."
10233,NYY,Aroldis Chapman,"Chapman, A."
3990,MIA,Edinson Volquez,"Volquez, E."
13690,CIN,Sal Romano,"Romano, S."
2826,LAD,Fabio Castillo,"Castillo, F."
16258,CHW,Aaron Bummer,"Bummer, A."
13153,SD,Luis Sardinas,"Sardinas, L."
9948,COL,Mike Dunn,"Dunn, M."
4259,ARZ,David Hernandez,"Hernandez, D."
7274,SD,Craig Stammen,"Stammen, C."
10310,NYM,Zack Wheeler,"Wheeler, Z."
6562,TB,Alex Cobb,"Cobb, A."
14899,MIL,Taylor Williams,"Williams, T."
10387,LAA,Brooks Pounders,"Pounders, B."
12777,STL,John Brebbia,"Brebbia, J."
14420,CIN,Jackson Stephens,"Stephens, J."
4972,TEX,Cole Hamels,"Hamels, C."
16162,MIL,Brandon Woodruff,"Woodruff, B."
11846,CHC,Leonys Martin,"Martin, L."
15890,NYY,Luis Severino,"Severino, L."
4338,COL,Tyler Chatwood,"Chatwood, T."
7624,MIL,Carlos Torres,"Torres, C."
13475,DET,Daniel Norris,"Norris, D."
14812,CIN,Barrett Astin,"Astin, B."
8185,BOS,Steven Wright,"Wright, S."
8700,DET,Justin Verlander,"Verlander, J."
7841,NYM,Jerry Blevins,"Blevins, J."
15158,ARZ,Braden Shipley,"Shipley, B."
6345,TB,Chris Archer,"Archer, C."
6249,SD,Trevor Cahill,"Cahill, T."
14457,MIA,Adam Conley,"Conley, A."
7725,CHW,David Holmberg,"Holmberg, D."
15639,SF,Dan Slania,"Slania, D."
13042,BOS,Robby Scott,"Scott, R."
12905,BAL,Logan Verrett,"Verrett, L."
13896,NYM,Chris Flexen,"Flexen, C."
14974,NYY,Tyler Webb,"Webb, T."
11964,TOR,Taylor Cole,"Cole, T."
10021,KC,Mike Minor,"Minor, M."
11490,TOR,Aaron Sanchez,"Sanchez, A."
10339,CIN,Scooter Gennett,"Gennett, S."
11753,DET,Kyle Ryan,"Ryan, K."
17553,SEA,Andrew Moore,"Moore, A."
12555,LAD,Tony Cingrani,"Cingrani, T."
3137,WSH,Max Scherzer,"Scherzer, M."
36,TB,Xavier Cedeno,"Cedeno, X."
3815,TOR,Mat Latos,"Latos, M."
16511,NYY,Jordan Montgomery,"Montgomery, J."
15240,KC,Kevin McCarthy,"McCarthy, K."
12778,SEA,Sam Gaviglio,"Gaviglio, S."
15524,CHC,Jen-Ho Tseng,"Tseng, J."
1852,WSH,Ryan Madson,"Madson, R."
6397,TB,Jake Odorizzi,"Odorizzi, J."
12808,CLE,Mike Clevinger,"Clevinger, M."
18655,ATL,A.J. Minter,"Minter, A."
11596,CIN,Deck McGuire,"McGuire, D."
14711,NYM,Jamie Callahan,"Callahan, J."
11828,SEA,James Paxton,"Paxton, J."
16793,SD,Kyle McGrath,"McGrath, K."
15306,BAL,Donnie Hart,"Hart, D."
5114,NYM,Jeurys Familia,"Familia, J."
14862,ARZ,Zack Godley,"Godley, Z."
8245,TOR,J.P. Howell,"Howell, J."
14542,COL,Carlos Estevez,"Estevez, C."
12249,STL,Ryan Sherriff,"Sherriff, R."
13420,ARZ,Matt Koch,"Koch, M."
9388,CLE,Josh Tomlin,"Tomlin, J."
13273,LAD,Ross Stripling,"Stripling, R."
14212,MIL,Josh Hader,"Hader, J."
8173,SEA,Yovani Gallardo,"Gallardo, Y."
12763,HOU,Chris Devenski,"Devenski, C."
5766,DET,Bruce Rondon,"Rondon, B."
9817,LAD,Sergio Romo,"Romo, S."
14508,MIN,Randy Rosario,"Rosario, R."
15947,TB,Ryne Stanek,"Stanek, R."
16165,SEA,Max Povse,"Povse, M."
10430,BAL,Mychal Givens,"Givens, M."
16400,CHW,Reynaldo Lopez,"Lopez, R."
13188,MIN,Adalberto Mejia,"Mejia, A."
7803,BAL,Richard Bleier,"Bleier, R."
17233,MIA,Brian Ellington,"Ellington, B."
13974,OAK,Ryan Dull,"Dull, R."
7448,WSH,Gio Gonzalez,"Gonzalez, G."
8350,MIA,A.J. Ramos,"Ramos, A."
14139,KC,Miguel Almonte,"Almonte, M."
10637,LAD,Adam Liberatore,"Liberatore, A."
11479,NYY,Bryan Mitchell,"Mitchell, B."
13395,LAA,Damien Magnifico,"Magnifico, D."
13345,NYY,Luis Cessa,"Cessa, L."
10954,NYM,Jacob deGrom,"deGrom, J."
14696,TEX,Keone Kela,"Kela, K."
12182,SEA,Cody Martin,"Martin, C."
12857,CLE,Shawn Armstrong,"Armstrong, S."
10160,SEA,Ryan Weber,"Weber, R."
4772,SEA,Felix Hernandez,"Hernandez, F."
11716,TOR,Nick Tepesch,"Tepesch, N."
6941,KC,Joakim Soria,"Soria, J."
13470,ATL,Luke Sims,"Sims, L."
10343,TOR,Aaron Loup,"Loup, A."
13619,KC,Jakob Junis,"Junis, J."
3284,DET,Anibal Sanchez,"Sanchez, A."
6832,ATL,Sam Freeman,"Freeman, S."
5751,MIL,Hernan Perez,"Perez, H."
1246,TEX,Matt Bush,"Bush, M."
13194,TOR,Joe Biagini,"Biagini, J."
10131,WSH,Stephen Strasburg,"Strasburg, S."
11428,BOS,Brandon Workman,"Workman, B."
12768,OAK,Sonny Gray,"Gray, S."
4971,LAA,Fernando Salas,"Salas, F."
14962,CIN,Rookie Davis,"Davis, R."
4994,BOS,Fernando Abad,"Abad, F."
12447,NYM,Seth Lugo,"Lugo, S."
13530,CIN,Alejandro Chacin,"Chacin, A."
10302,SEA,Chris Heston,"Heston, C."
12703,CLE,Trevor Bauer,"Bauer, T."
11903,HOU,Michael Feliz,"Feliz, M."
13699,TB,Jake Faria,"Faria, J."
14682,SD,Luis Perdomo,"Perdomo, L."
9486,SF,George Kontos,"Kontos, G."
2233,STL,Adam Wainwright,"Wainwright, A."
12988,ARZ,Andrew Chafin,"Chafin, A."
15594,MIA,Nick Wittgren,"Wittgren, N."
17130,CIN,Raisel Iglesias,"Iglesias, R."
9761,BOS,Joe Kelly,"Kelly, J."
1890,SF,Matt Moore,"Moore, M."
4371,PHI,Jeremy Hellickson,"Hellickson, J."
9425,BOS,Doug Fister,"Fister, D."
15126,CHW,Tyler Danish,"Danish, T."
13528,STL,Matt Bowman,"Bowman, M."
6661,TB,Alex Colome,"Colome, A."
10133,TB,Brad Boxberger,"Boxberger, B."
1994,PIT,Ivan Nova,"Nova, I."
9794,ATL,Rex Brothers,"Brothers, R."
6499,DET,Blaine Hardy,"Hardy, B."
15290,TB,Austin Pruitt,"Pruitt, A."
14914,ATL,Jason Hursh,"Hursh, J."
4001,WSH,Enny Romero,"Romero, E."
15007,PHI,Yacksel Rios,"Rios, Y."
13449,MIN,Taylor Rogers,"Rogers, T."
6435,MIA,Vance Worley,"Worley, V."
13743,ATL,Max Fried,"Fried, M."
16358,CIN,Tyler Mahle,"Mahle, T."
11294,OAK,Zach Neal,"Neal, Z."
5178,TEX,Ernesto Frieri,"Frieri, E."
18790,MIA,Dillon Peters,"Peters, D."
11528,SF,Josh Osich,"Osich, J."
2882,LAD,Luis Avilan,"Avilan, L."
9434,HOU,Dallas Keuchel,"Keuchel, D."
12586,BAL,Mike Wright,"Wright, M."
11712,NYM,Erik Goeddel,"Goeddel, E."
3830,LAA,Ricky Nolasco,"Nolasco, R."
14241,BOS,Austin Maddox,"Maddox, A."
12774,COL,Jairo Diaz,"Diaz, J."
12049,CHC,Kyle Hendricks,"Hendricks, K."
11266,CIN,Lisalverto Bonilla,"Bonilla, L."
7385,CLE,Dan Otero,"Otero, D."
3192,HOU,Will Harris,"Harris, W."
15915,PHI,Victor Arano,"Arano, V."
4538,KC,Jason Hammel,"Hammel, J."
10123,MIN,Kyle Gibson,"Gibson, K."
14168,MIN,Jose Berrios,"Berrios, J."
14272,BOS,Brian Johnson,"Johnson, B."
2608,SD,Jhoulys Chacin,"Chacin, J."
15264,LAA,Keynan Middleton,"Middleton, K."
13074,LAD,Yu Darvish,"Darvish, Y."
3240,BAL,Zach Britton,"Britton, Z."
8362,CIN,Homer Bailey,"Bailey, H."
7853,SEA,Andrew Albers,"Albers, A."
7738,MIL,Wily Peralta,"Peralta, W."
12638,KC,Nathan Karns,"Karns, N."
12917,BAL,Dylan Bundy,"Bundy, D."
8044,KC,Jason Vargas,"Vargas, J."
1907,PHI,Andres Blanco,"Blanco, A."
12297,SEA,Evan Marshall,"Marshall, E."
7754,HOU,Mike Fiers,"Fiers, M."
15552,NYY,Chad Green,"Green, C."
7593,SD,Jordan Lyles,"Lyles, J."
12790,OAK,Raul Alcantara,"Alcantara, R."
13361,NYM,Steven Matz,"Matz, S."
13322,ARZ,Jake Barrett,"Barrett, J."
14681,KC,Andres Machado,"Machado, A."
15042,TOR,Tim Mayza,"Mayza, T."
404,NYY,CC Sabathia,"Sabathia, C."
8246,MIL,Paolo Espino,"Espino, P."
12918,ARZ,Archie Bradley,"Bradley, A."
9654,MIL,Michael Blazek,"Blazek, M."
7005,MIN,Ryan Pressly,"Pressly, R."
15101,KC,Luke Farrell,"Farrell, L."
12751,NYM,Tyler Pill,"Pill, T."
15094,CHC,Rob Zastryzny,"Zastryzny, R."
15010,MIL,Corey Knebel,"Knebel, C."
16058,BAL,Stefan Crichton,"Crichton, S."
9492,LAA,Bud Norris,"Norris, B."
12970,HOU,Joe Musgrove,"Musgrove, J."
15239,MIN,Alan Busenitz,"Busenitz, A."
17586,BAL,Tanner Scott,"Scott, T."
10044,HOU,Ashur Tolliver,"Tolliver, A."
6627,BAL,Brad Brach,"Brach, B."
5420,LAD,Pedro Baez,"Baez, P."
9559,TEX,Austin Bibens-Dirkx,"Bibens-Dirkx, A."
15285,DET,Zac Reininger,"Reininger, Z."
10130,SEA,Mike Leake,"Leake, M."
13543,TB,Blake Snell,"Snell, B."
15036,SEA,Chase De Jong,"Jong, C."
12691,BAL,Tyler Wilson,"Wilson, T."
12800,LAA,Noe Ramirez,"Ramirez, N."
12938,BAL,Gabriel Ynoa,"Ynoa, G."
16318,PHI,Ricardo Pinto,"Pinto, R."
10982,TB,Chase Whitley,"Whitley, C."
10197,ARZ,Shelby Miller,"Miller, S."
9119,CHW,Gregory Infante,"Infante, G."
10836,CIN,Asher Wojciechowski,"Wojciechowski, A."
7501,NYY,Tommy Layne,"Layne, T."
10510,MIA,Hunter Cervenka,"Cervenka, H."
15627,SD,Dillon Overton,"Overton, D."
12237,ATL,Daniel Winkler,"Winkler, D."
10603,BOS,Chris Sale,"Sale, C."
3656,ATL,Jim Johnson,"Johnson, J."
9111,SD,Brad Hand,"Hand, B."
19374,LAD,Walker Buehler,"Buehler, W."
14295,CIN,Wandy Peralta,"Peralta, W."
14016,SEA,Ryan Garton,"Garton, R."
12880,COL,Tyler Anderson,"Anderson, T."
7773,WSH,Shawn Kelley,"Kelley, S."
7441,CHC,Wade Davis,"Davis, W."
13119,MIL,Taylor Jungmann,"Jungmann, T."
11467,WSH,A.J. Cole,"Cole, A."
6655,BOS,Craig Kimbrel,"Kimbrel, C."
13211,DET,Warwick Saupold,"Saupold, W."
4662,LAD,Brandon McCarthy,"McCarthy, B."
14093,CHW,Michael Ynoa,"Ynoa, M."
11674,PIT,Jameson Taillon,"Taillon, J."
17780,TB,Jose Alvarado,"Alvarado, J."
6697,STL,Miguel Socolovich,"Socolovich, M."
15232,CIN,Cody Reed,"Reed, C."
11543,HOU,Dayan Diaz,"Diaz, D."
13533,OAK,Andrew Triggs,"Triggs, A."
15564,HOU,Tyler White,"White, T."
6324,CHW,Al Alburquerque,"Alburquerque, A."
1368,LAA,Andrew Bailey,"Bailey, A."
18,MIL,Neftali Feliz,"Feliz, N."
6986,KC,Ian Kennedy,"Kennedy, I."
8280,HOU,Tony Sipp,"Sipp, T."
15463,TB,Jose De Leon,"Leon, J."
10265,TB,Justin Marks,"Marks, J."
5702,MIL,Junior Guerra,"Guerra, J."
15267,NYM,Jacob Rhame,"Rhame, J."
18820,TOR,Chris Rowley,"Rowley, C."
13431,TOR,Marcus Stroman,"Stroman, M."
13323,SEA,James Pazos,"Pazos, J."
18719,STL,Seung Hwan Oh,"Oh, S."
8753,WSH,Tanner Roark,"Roark, T."
10500,TEX,Preston Claiborne,"Claiborne, P."
12730,TEX,Nick Martinez,"Martinez, N."
5861,ATL,Jason Motte,"Motte, J."
1245,ATL,R.A. Dickey,"Dickey, R."
12828,TB,Andrew Kittredge,"Kittredge, A."
15051,ARZ,Silvino Bracho,"Bracho, S."
15423,LAA,Andrew Heaney,"Heaney, A."
15684,BAL,Miguel Castro,"Castro, M."
11346,CHC,Seth Frankoff,"Frankoff, S."
1841,WSH,Edwin Jackson,"Jackson, E."
8490,MIN,Buddy Boshers,"Boshers, B."
15603,CIN,Ariel Hernandez,"Hernandez, A."
19341,BOS,Hector Velazquez,"Velazquez, H."
10745,STL,Trevor Rosenthal,"Rosenthal, T."
16727,LAD,Brock Stewart,"Stewart, B."
11804,PHI,Hector Neris,"Neris, H."
7324,MIN,Chris Gimenez,"Gimenez, C."
7550,COL,Jake McGee,"McGee, J."
15118,ARZ,Jimmie Sherfy,"Sherfy, J."
15440,DET,Matt Boyd,"Boyd, M."
4235,SD,Jered Weaver,"Weaver, J."
11686,STL,Josh Lucas,"Lucas, J."
13942,MIL,Brent Suter,"Suter, B."
15291,PIT,Steven Brault,"Brault, S."
4264,SF,Mark Melancon,"Melancon, M."
7872,TEX,Tyson Ross,"Ross, T."
6612,SEA,Marc Rzepczynski,"Rzepczynski, M."
4878,SD,Brandon Maurer,"Maurer, B."
12890,TEX,Alex Claudio,"Claudio, A."
13560,BAL,Alec Asher,"Asher, A."
12863,BOS,Matt Barnes,"Barnes, M."
7146,PIT,Daniel Hudson,"Hudson, D."
11836,ARZ,Taijuan Walker,"Walker, T."
11468,SD,Zach Lee,"Lee, Z."
494,ARZ,Fernando Rodney,"Rodney, F."
11189,PHI,Vince Velasquez,"Velasquez, V."
13807,NYM,Kevin Plawecki,"Plawecki, K."
18684,STL,Sandy Alcantara,"Alcantara, S."
16588,NYY,Jonathan Holder,"Holder, J."
14739,OAK,Paul Blackburn,"Blackburn, P."
11192,TEX,Brett Nicholas,"Nicholas, B."
14239,TEX,Dario Alvarez,"Alvarez, D."
8504,TOR,Jeff Beliveau,"Beliveau, J."
1157,TB,Tommy Hunter,"Hunter, T."
15454,PHI,Nick Pivetta,"Pivetta, N."
9239,DET,Alex Wilson,"Wilson, A."
6570,TOR,Tom Koehler,"Koehler, T."
16149,PHI,Aaron Nola,"Nola, A."
12185,ATL,Akeel Morris,"Morris, A."
3096,LAD,Kenley Jansen,"Jansen, K."
7677,SF,Neil Ramirez,"Ramirez, N."
13453,CHC,Eddie Butler,"Butler, E."
11440,PIT,Johnny Barbato,"Barbato, J."
3196,KC,Chris Young,"Young, C."
6984,PHI,Luis Garcia,"Garcia, L."
3551,SD,Clayton Richard,"Richard, C."
12781,NYM,Sean Gilmartin,"Gilmartin, S."
2660,STL,Brett Cecil,"Cecil, B."
5221,PIT,Wade LeBlanc,"LeBlanc, W."
7836,SF,Hunter Strickland,"Strickland, H."
15873,OAK,Sean Manaea,"Manaea, S."
5498,ATL,Arodys Vizcaino,"Vizcaino, A."
8073,CHW,Dan Jennings,"Jennings, D."
3926,SEA,Casey Fien,"Fien, C."
521,TOR,Jason Grilli,"Grilli, J."
15458,TEX,Ricardo Rodriguez,"Rodriguez, R."
5227,CHC,Jon Jay,"Jay, J."
1159,DET,Andrew Romine,"Romine, A."
10962,CIN,Jake Buchanan,"Buchanan, J."
4732,SF,Matt Cain,"Cain, M."
14916,COL,Jon Gray,"Gray, J."
10315,MIN,Michael Tonkin,"Tonkin, M."
12166,MIL,David Goforth,"Goforth, D."
11432,PIT,A.J. Schugel,"Schugel, A."
12076,PIT,Felipe Rivero,"Rivero, F."
7059,CHW,James Shields,"Shields, J."
14860,BOS,Kyle Martin,"Martin, K."
13442,LAA,Mike Morin,"Morin, M."
10591,KC,Scott Alexander,"Alexander, S."
7312,ATL,Josh Collmenter,"Collmenter, J."
12323,MIL,Jacob Barnes,"Barnes, J."
16208,CIN,Brandon Finnegan,"Finnegan, B."
4682,PHI,Pat Neshek,"Neshek, P."
11710,SF,Sam Dyson,"Dyson, S."
3200,MIN,Ervin Santana,"Santana, E."
13801,WSH,Austin Adams,"Adams, A."
13172,BOS,Carson Smith,"Smith, C."
978,CIN,Bronson Arroyo,"Arroyo, B."
5985,ARZ,Randall Delgado,"Delgado, R."
5867,CLE,Danny Salazar,"Salazar, D."
2391,CHC,Hector Rondon,"Rondon, H."
5525,CLE,Boone Logan,"Logan, B."
1118,TOR,Marco Estrada,"Estrada, M."
16017,MIA,Odrisamer Despaigne,"Despaigne, O."
16918,STL,Luke Weaver,"Weaver, L."
16219,HOU,J.D. Davis,"Davis, J."
8007,LAA,Jason Gurka,"Gurka, J."
15130,PHI,Drew Anderson,"Anderson, D."
11121,SEA,Casey Lawrence,"Lawrence, C."
3321,BAL,Darren O'Day,"O'Day, D."
13164,BOS,Eduardo Rodriguez,"Rodriguez, E."
9456,SD,Ryan Buchter,"Buchter, R."
11241,SEA,Mike Freeman,"Freeman, M."
13394,CHC,Dylan Floro,"Floro, D."
6983,CIN,Drew Storen,"Storen, D."
11137,TOR,Mike Bolsinger,"Bolsinger, M."
9080,CHW,Zach Putnam,"Putnam, Z."
8302,LAA,JC Ramirez,"Ramirez, J."
11713,NYM,Matt Harvey,"Harvey, M."
8410,LAA,Deolis Guerra,"Guerra, D."
6033,KC,Kelvin Herrera,"Herrera, K."
15853,PHI,Jesen Therrien,"Therrien, J."
9939,WSH,Brandon Kintzler,"Kintzler, B."
13761,SF,Chris Stratton,"Stratton, C."
7396,MIN,Dillon Gee,"Gee, D."
11589,MIA,Jose Urena,"Urena, J."
15689,CIN,Luis Castillo,"Castillo, L."
14391,TEX,Yohander Mendez,"Mendez, Y."
3201,HOU,Francisco Liriano,"Liriano, F."
4020,LAA,Yusmeiro Petit,"Petit, Y."
13125,PIT,Gerrit Cole,"Cole, G."
7525,SEA,Evan Scribner,"Scribner, E."
1514,WSH,Oliver Perez,"Perez, O."
10925,SEA,Christian Bergman,"Bergman, C."
11384,CHW,Tommy Kahnle,"Kahnle, T."
15964,CIN,Keury Mella,"Mella, K."
16348,MIN,Gabriel Moya,"Moya, G."
13346,PHI,Hoby Milner,"Milner, H."
11632,BOS,Heath Hembree,"Hembree, H."
4363,MIN,Craig Breslow,"Breslow, C."
3220,SEA,Jean Machi,"Machi, J."
4544,OAK,Chris Smith,"Smith, C."
11682,STL,Carlos Martinez,"Martinez, C."
15514,OAK,Kendall Graveman,"Graveman, K."
13058,HOU,Reymin Guduan,"Guduan, R."
1330,PHI,Pedro Beato,"Beato, P."
8223,CHC,Brett Anderson,"Anderson, B."
7410,TOR,J.A. Happ,"Happ, J."
5358,LAA,Jose Alvarez,"Alvarez, J."
15038,COL,German Marquez,"Marquez, G."
8241,CHW,David Robertson,"Robertson, D."
12803,SD,Carter Capps,"Capps, C."
11457,WSH,Sammy Solis,"Solis, S."
11423,CHW,Jose Quintana,"Quintana, J."
9325,MIL,Jared Hughes,"Hughes, J."
7024,CHW,Miguel Gonzalez,"Gonzalez, M."
9013,OAK,Cesar Valdez,"Valdez, C."
12580,PHI,Adam Morgan,"Morgan, A."
4090,HOU,Luke Gregerson,"Gregerson, L."
16419,TB,Chih-Wei Hu,"Hu, C."
12235,KC,Seth Maness,"Maness, S."
13218,DET,Michael Fulmer,"Fulmer, M."
7196,COL,Greg Holland,"Holland, G."
14374,PIT,Tyler Glasnow,"Glasnow, T."
8258,LAA,Huston Street,"Street, H."
14710,SEA,Edwin Diaz,"Diaz, E."
6216,NYY,Dellin Betances,"Betances, D."
4676,HOU,Charlie Morton,"Morton, C."
17186,SD,Dinelson Lamet,"Lamet, D."
14200,SEA,Shae Simmons,"Simmons, S."
11132,TEX,A.J. Griffin,"Griffin, A."
16507,SEA,Dan Altavilla,"Altavilla, D."
14741,CLE,Tyler Olson,"Olson, T."
14875,NYY,Caleb Smith,"Smith, C."
15231,MIN,Aaron Slegers,"Slegers, A."
15378,SD,Kyle Lloyd,"Lloyd, K."
13485,STL,Samuel Tuivailala,"Tuivailala, S."
8536,SEA,Tyler Cloyd,"Cloyd, T."
14975,PIT,Chad Kuhl,"Kuhl, C."
13799,KC,Matt Strahm,"Strahm, M."
15467,SEA,Marco Gonzales,"Gonzales, M."
11012,CIN,Kevin Shackelford,"Shackelford, K."
18815,SD,Miguel Diaz,"Diaz, M."
16980,OAK,Daniel Mengden,"Mengden, D."
11762,NYM,Noah Syndergaard,"Syndergaard, N."
9975,ARZ,Tom Wilhelmsen,"Wilhelmsen, T."
5942,TB,Jesus Sucre,"Sucre, J."
7555,SEA,Nick Vincent,"Vincent, N."
16137,CHW,Carlos Rodon,"Rodon, C."
11743,TOR,Carlos Ramirez,"Ramirez, C."
15570,LAA,Troy Scribner,"Scribner, T."
4930,CHC,Jon Lester,"Lester, J."
16344,LAA,Eduardo Paredes,"Paredes, E."
15166,ATL,Luiz Gohara,"Gohara, L."
4070,CHC,Pedro Strop,"Strop, P."
16684,SEA,Zac Curtis,"Curtis, Z."
12910,HOU,Ken Giles,"Giles, K."
13150,BAL,Jayson Aquino,"Aquino, J."
13418,CHW,Chris Beck,"Beck, C."
10586,BOS,Addison Reed,"Reed, A."
13183,MIL,Zach Davies,"Davies, Z."
5372,NYY,Michael Pineda,"Pineda, M."
15100,NYY,Ben Heller,"Heller, B."
7982,TEX,Anthony Bass,"Bass, A."
16086,PHI,Edubray Ramos,"Ramos, E."
17425,WSH,Erick Fedde,"Fedde, E."
17695,WSH,Koda Glover,"Glover, K."
14120,HOU,Lance McCullers,"McCullers, L."
2579,SEA,Carlos Ruiz,"Ruiz, C."
5203,CHW,Mike Pelfrey,"Pelfrey, M."
13713,MIA,Kyle Barraclough,"Barraclough, K."
9674,BAL,Vidal Nuno,"Nuno, V."
13607,CHC,Carl Edwards Jr.,"Jr., C."
16513,TEX,Nick Gardewine,"Gardewine, N."
10811,ATL,Mike Foltynewicz,"Foltynewicz, M."
12562,CHC,Jack Leathersich,"Leathersich, J."
